{
  "map50": 0.6789201678684305,
  "map75": 0.5420661098161098,
  "map": 0.4872218592900676
}