{
  "map50": 0.7502447574351819,
  "map75": 0.41603418273218457,
  "map": 0.42217785041395367
}